sample_index,timestamp_us,slot0_raw,slot1_raw,finger_contact,fifo_ok,fifo_overflow_count
1726,69598374,35077,52061,-1,1,0
1727,69638374,34861,51448,-1,1,0
1728,69678374,34709,51072,-1,1,0
1729,69718374,34596,50769,-1,1,0
1730,69758374,34431,50364,-1,1,0
1731,69798374,34248,49961,-1,1,0
1732,69838374,34036,49394,-1,1,0
1733,69878374,33679,48255,-1,1,0
1734,69918374,33119,46503,-1,1,0
1735,69958374,32392,44662,-1,1,0
1736,69998374,33419,42691,-1,1,0
1737,70038374,34281,38504,-1,1,0
1738,70078374,34695,39327,-1,1,0
1739,70118374,32660,42324,-1,1,0
1740,70158374,33322,44993,-1,1,0
1741,70198374,33803,46475,-1,1,0
1742,70238374,34189,47700,-1,1,0
1743,70278374,34361,48275,-1,1,0
1744,70318374,34510,48761,-1,1,0
1745,70358374,34659,49204,-1,1,0
1746,70398374,34775,49527,-1,1,0
1747,70438374,34919,49917,-1,1,0
1748,70478374,34996,50044,-1,1,0
1749,70518374,34918,49637,-1,1,0
1750,70558374,34708,48874,-1,1,0
1751,70598374,34418,47917,-1,1,0
1752,70638374,33355,45543,-1,1,0
1753,70678374,34262,41017,-1,1,0
1754,70718374,34409,38983,-1,1,0
1755,70758374,33024,38314,-1,1,0
1756,70798374,32360,40972,-1,1,0
1757,70838374,34646,47526,-1,1,0
1758,70878374,35748,50533,-1,1,0
1759,70918374,36067,51448,-1,1,0
1760,70958374,36177,51744,-1,1,0
1761,70998374,36266,52007,-1,1,0
1762,71038374,36345,52243,-1,1,0
1763,71078374,36393,52466,-1,1,0
1764,71118374,36455,52709,-1,1,0
1765,71158374,36466,52814,-1,1,0
1766,71198374,36443,52771,-1,1,0
1767,71238374,36411,52721,-1,1,0
1768,71278374,36402,52762,-1,1,0
1769,71318374,36418,52802,-1,1,0
1770,71358374,36425,52873,-1,1,0
1771,71398374,36436,52930,-1,1,0
1772,71438374,36450,52974,-1,1,0
1773,71478374,36429,52970,-1,1,0
1774,71518374,36414,52955,-1,1,0
1775,71558374,36381,52912,-1,1,0
1776,71598374,36324,52733,-1,1,0
1777,71638374,36228,52400,-1,1,0
1778,71678374,36185,52229,-1,1,0
1779,71718374,36180,52230,-1,1,0
1780,71758374,36186,52235,-1,1,0
1781,71798374,36192,52290,-1,1,0
1782,71838374,36214,52385,-1,1,0
1783,71878374,36172,52306,-1,1,0
1784,71918374,36114,52172,-1,1,0
1785,71958374,36128,52213,-1,1,0
1786,71998374,36177,52381,-1,1,0
1787,72038374,36225,52539,-1,1,0
1788,72078374,36269,52693,-1,1,0
1789,72118374,36292,52778,-1,1,0
1790,72158374,36301,52835,-1,1,0
1791,72198374,36326,52952,-1,1,0
1792,72238374,36387,53122,-1,1,0
1793,72278374,36425,53238,-1,1,0
1794,72318374,36397,53144,-1,1,0
1795,72358374,36297,52828,-1,1,0
1796,72398374,36221,52634,-1,1,0
1797,72438374,36204,52581,-1,1,0
1798,72478374,36221,52655,-1,1,0
1799,72518374,36310,52888,-1,1,0
1800,72558374,36356,53037,-1,1,0
1801,72598374,36373,53111,-1,1,0
1802,72638374,36372,53124,-1,1,0
1803,72678374,36384,53171,-1,1,0
1804,72718374,36408,53286,-1,1,0
1805,72758374,36443,53380,-1,1,0
1806,72798374,36467,53479,-1,1,0
1807,72838374,36490,53566,-1,1,0
1808,72878374,36505,53617,-1,1,0
1809,72918374,36516,53661,-1,1,0
1810,72958374,36529,53716,-1,1,0
1811,72998374,36514,53650,-1,1,0
1812,73038374,36439,53405,-1,1,0
1813,73078374,36394,53288,-1,1,0
1814,73118374,36413,53328,-1,1,0
1815,73158374,36431,53390,-1,1,0
1816,73198374,36463,53514,-1,1,0
1817,73238374,36484,53603,-1,1,0
1818,73278374,36490,53638,-1,1,0
1819,73318374,36501,53655,-1,1,0
1820,73358374,36490,53678,-1,1,0
1821,73398374,36494,53724,-1,1,0
1822,73438374,36497,53722,-1,1,0
1823,73478374,36486,53722,-1,1,0
1824,73518374,36481,53728,-1,1,0
1825,73558374,36474,53742,-1,1,0
1826,73598374,36479,53768,-1,1,0
1827,73638374,36474,53769,-1,1,0
1828,73678374,36437,53626,-1,1,0
1829,73718374,36380,53410,-1,1,0
1830,73758374,36348,53340,-1,1,0
1831,73798374,36338,53337,-1,1,0
1832,73838374,36342,53352,-1,1,0
1833,73878374,36336,53395,-1,1,0
1834,73918374,36343,53405,-1,1,0
1835,73958374,36340,53433,-1,1,0
1836,73998374,36349,53450,-1,1,0
1837,74038374,36353,53504,-1,1,0
1838,74078374,36364,53550,-1,1,0
1839,74118374,36361,53575,-1,1,0
1840,74158374,36370,53618,-1,1,0
1841,74198374,36398,53685,-1,1,0
1842,74238374,36393,53716,-1,1,0
1843,74278374,36405,53733,-1,1,0
1844,74318374,36367,53630,-1,1,0
1845,74358374,36281,53356,-1,1,0
1846,74398374,36236,53211,-1,1,0
1847,74438374,36229,53205,-1,1,0
1848,74478374,36233,53213,-1,1,0
1849,74518374,36259,53293,-1,1,0
1850,74558374,36276,53363,-1,1,0
1851,74598374,36276,53384,-1,1,0
1852,74638374,36291,53393,-1,1,0
1853,74678374,36293,53436,-1,1,0
1854,74718374,36305,53508,-1,1,0
1855,74758374,36335,53577,-1,1,0
1856,74798374,36345,53599,-1,1,0
1857,74838374,36330,53622,-1,1,0
1858,74878374,36333,53637,-1,1,0
1859,74918374,36334,53674,-1,1,0
1860,74958374,36318,53646,-1,1,0
1861,74998374,36231,53371,-1,1,0
1862,75038374,36141,53089,-1,1,0
1863,75078374,36132,53059,-1,1,0
1864,75118374,36154,53104,-1,1,0
1865,75158374,36169,53177,-1,1,0
1866,75198374,36204,53291,-1,1,0
1867,75238374,36215,53331,-1,1,0
1868,75278374,36205,53324,-1,1,0
1869,75318374,36216,53365,-1,1,0
1870,75358374,36222,53419,-1,1,0
1871,75398374,36255,53493,-1,1,0
1872,75438374,36283,53586,-1,1,0
1873,75478374,36260,53550,-1,1,0
1874,75518374,36272,53590,-1,1,0
1875,75558374,36307,53694,-1,1,0
1876,75598374,36327,53750,-1,1,0
1877,75638374,36333,53771,-1,1,0
1878,75678374,36295,53606,-1,1,0
1879,75718374,36214,53338,-1,1,0
1880,75758374,36189,53288,-1,1,0
1881,75798374,36207,53325,-1,1,0
1882,75838374,36227,53413,-1,1,0
1883,75878374,36286,53591,-1,1,0
1884,75918374,36321,53699,-1,1,0
1885,75958374,36338,53738,-1,1,0
1886,75998374,36358,53810,-1,1,0
1887,76038374,36361,53863,-1,1,0
1888,76078374,36377,53935,-1,1,0
1889,76118374,36410,54011,-1,1,0
1890,76158374,36424,54077,-1,1,0
1891,76198374,36444,54124,-1,1,0
1892,76238374,36451,54173,-1,1,0
1893,76278374,36477,54254,-1,1,0
1894,76318374,36490,54294,-1,1,0
1895,76358374,36445,54155,-1,1,0
1896,76398374,36384,53925,-1,1,0
1897,76438374,36357,53858,-1,1,0
1898,76478374,36383,53925,-1,1,0
1899,76518374,36399,53989,-1,1,0
1900,76558374,36418,54045,-1,1,0
1901,76598374,36426,54106,-1,1,0
1902,76638374,36434,54116,-1,1,0
1903,76678374,36422,54109,-1,1,0
1904,76718374,36432,54132,-1,1,0
1905,76758374,36453,54218,-1,1,0
1906,76798374,36473,54285,-1,1,0
1907,76838374,36471,54315,-1,1,0
1908,76878374,36485,54357,-1,1,0
1909,76918374,36492,54387,-1,1,0
1910,76958374,36497,54418,-1,1,0
1911,76998374,36509,54425,-1,1,0
1912,77038374,36454,54222,-1,1,0
1913,77078374,36391,53994,-1,1,0
1914,77118374,36381,53947,-1,1,0
1915,77158374,36373,53954,-1,1,0
1916,77198374,36369,53998,-1,1,0
1917,77238374,36385,54060,-1,1,0
1918,77278374,36387,54088,-1,1,0
1919,77318374,36398,54094,-1,1,0
1920,77358374,36387,54101,-1,1,0
1921,77398374,36397,54134,-1,1,0
1922,77438374,36401,54181,-1,1,0
1923,77478374,36406,54204,-1,1,0
1924,77518374,36403,54217,-1,1,0
1925,77558374,36408,54236,-1,1,0
1926,77598374,36408,54274,-1,1,0
1927,77638374,36413,54288,-1,1,0
1928,77678374,36369,54160,-1,1,0
1929,77718374,36287,53862,-1,1,0
1930,77758374,36221,53639,-1,1,0
1931,77798374,36193,53599,-1,1,0
1932,77838374,36189,53585,-1,1,0
1933,77878374,36203,53643,-1,1,0
1934,77918374,36225,53721,-1,1,0
1935,77958374,36225,53735,-1,1,0
1936,77998374,36229,53740,-1,1,0
1937,78038374,36231,53773,-1,1,0
1938,78078374,36241,53803,-1,1,0
1939,78118374,36251,53855,-1,1,0
1940,78158374,36264,53891,-1,1,0
1941,78198374,36264,53912,-1,1,0
1942,78238374,36252,53913,-1,1,0
1943,78278374,36251,53924,-1,1,0
1944,78318374,36264,53953,-1,1,0
1945,78358374,36221,53827,-1,1,0
1946,78398374,36111,53457,-1,1,0
1947,78438374,36021,53214,-1,1,0
1948,78478374,35992,53103,-1,1,0
1949,78518374,35978,53065,-1,1,0
1950,78558374,35982,53113,-1,1,0
1951,78598374,36016,53207,-1,1,0
1952,78638374,36028,53247,-1,1,0
1953,78678374,36017,53231,-1,1,0
1954,78718374,36018,53249,-1,1,0
1955,78758374,36037,53337,-1,1,0
1956,78798374,36065,53421,-1,1,0
1957,78838374,36088,53486,-1,1,0
1958,78878374,36096,53539,-1,1,0
1959,78918374,36096,53556,-1,1,0
1960,78958374,36093,53591,-1,1,0
1961,78998374,36107,53610,-1,1,0
1962,79038374,36127,53675,-1,1,0
1963,79078374,36116,53647,-1,1,0
1964,79118374,36010,53305,-1,1,0
1965,79158374,35931,53044,-1,1,0
1966,79198374,35905,52976,-1,1,0
1967,79238374,35888,52939,-1,1,0
1968,79278374,35889,52953,-1,1,0
1969,79318374,35909,53038,-1,1,0
1970,79358374,35944,53126,-1,1,0
1971,79398374,35970,53184,-1,1,0
1972,79438374,36008,53298,-1,1,0
1973,79478374,36033,53425,-1,1,0
1974,79518374,36064,53534,-1,1,0
1975,79558374,36075,53622,-1,1,0
1976,79598374,36116,53711,-1,1,0
1977,79638374,36134,53795,-1,1,0
1978,79678374,36153,53859,-1,1,0
1979,79718374,36173,53915,-1,1,0
1980,79758374,36211,54019,-1,1,0
1981,79798374,36241,54113,-1,1,0
1982,79838374,36242,54088,-1,1,0
1983,79878374,36165,53840,-1,1,0
1984,79918374,36123,53697,-1,1,0
1985,79958374,36134,53724,-1,1,0
1986,79998374,36144,53760,-1,1,0
1987,80038374,36158,53815,-1,1,0
1988,80078374,36189,53903,-1,1,0
1989,80118374,36195,53930,-1,1,0
1990,80158374,36201,53924,-1,1,0
1991,80198374,36204,53957,-1,1,0
1992,80238374,36215,54002,-1,1,0
1993,80278374,36239,54081,-1,1,0
1994,80318374,36267,54156,-1,1,0
1995,80358374,36275,54216,-1,1,0
1996,80398374,36292,54254,-1,1,0
1997,80438374,36292,54277,-1,1,0
1998,80478374,36311,54348,-1,1,0
1999,80518374,36339,54418,-1,1,0
2000,80558374,36342,54435,-1,1,0
2001,80598374,36287,54210,-1,1,0
2002,80638374,36228,54001,-1,1,0
2003,80678374,36206,53962,-1,1,0
2004,80718374,36232,54009,-1,1,0
2005,80758374,36263,54100,-1,1,0
2006,80798374,36307,54241,-1,1,0
2007,80838374,36327,54308,-1,1,0
2008,80878374,36313,54268,-1,1,0
2009,80918374,36305,54250,-1,1,0
2010,80958374,36307,54266,-1,1,0
2011,80998374,36332,54327,-1,1,0
2012,81038374,36365,54437,-1,1,0
2013,81078374,36376,54496,-1,1,0
2014,81118374,36383,54514,-1,1,0
2015,81158374,36392,54528,-1,1,0
2016,81198374,36385,54530,-1,1,0
2017,81238374,36378,54505,-1,1,0
2018,81278374,36312,54296,-1,1,0
2019,81318374,36227,54003,-1,1,0
2020,81358374,36191,53895,-1,1,0
2021,81398374,36201,53931,-1,1,0
2022,81438374,36211,53972,-1,1,0
2023,81478374,36219,54047,-1,1,0
2024,81518374,36225,54070,-1,1,0
2025,81558374,36217,54042,-1,1,0
2026,81598374,36209,54013,-1,1,0
2027,81638374,36209,54043,-1,1,0
2028,81678374,36223,54090,-1,1,0
2029,81718374,36235,54130,-1,1,0
2030,81758374,36226,54133,-1,1,0
2031,81798374,36229,54126,-1,1,0
2032,81838374,36221,54121,-1,1,0
2033,81878374,36211,54141,-1,1,0
2034,81918374,36214,54140,-1,1,0
2035,81958374,36140,53903,-1,1,0
2036,81998374,36022,53526,-1,1,0
2037,82038374,35981,53364,-1,1,0
2038,82078374,35969,53342,-1,1,0
2039,82118374,35988,53405,-1,1,0
2040,82158374,36034,53529,-1,1,0
2041,82198374,36059,53617,-1,1,0
2042,82238374,36039,53556,-1,1,0
2043,82278374,36007,53479,-1,1,0
2044,82318374,36012,53482,-1,1,0
2045,82358374,36018,53526,-1,1,0
2046,82398374,36005,53520,-1,1,0
2047,82438374,36002,53501,-1,1,0
2048,82478374,36002,53548,-1,1,0
2049,82518374,36000,53563,-1,1,0
2050,82558374,36000,53573,-1,1,0
2051,82598374,35999,53556,-1,1,0
2052,82638374,35925,53319,-1,1,0
2053,82678374,35807,52969,-1,1,0
2054,82718374,35776,52830,-1,1,0
2055,82758374,35755,52795,-1,1,0
2056,82798374,35745,52774,-1,1,0
2057,82838374,35742,52807,-1,1,0
2058,82878374,35767,52853,-1,1,0
2059,82918374,35763,52848,-1,1,0
2060,82958374,35748,52811,-1,1,0
2061,82998374,35745,52825,-1,1,0
2062,83038374,35763,52856,-1,1,0
2063,83078374,35781,52928,-1,1,0
2064,83118374,35780,52950,-1,1,0
2065,83158374,35771,52944,-1,1,0
2066,83198374,35773,52975,-1,1,0
2067,83238374,35787,53023,-1,1,0
2068,83278374,35802,53069,-1,1,0
2069,83318374,35771,52979,-1,1,0
2070,83358374,35660,52609,-1,1,0
2071,83398374,35576,52346,-1,1,0
2072,83438374,35555,52248,-1,1,0
2073,83478374,35545,52218,-1,1,0
2074,83518374,35544,52227,-1,1,0
2075,83558374,35572,52322,-1,1,0
2076,83598374,35591,52387,-1,1,0
2077,83638374,35589,52364,-1,1,0
2078,83678374,35584,52351,-1,1,0
2079,83718374,35581,52369,-1,1,0
2080,83758374,35603,52454,-1,1,0
2081,83798374,35620,52505,-1,1,0
2082,83838374,35629,52546,-1,1,0
2083,83878374,35632,52570,-1,1,0
2084,83918374,35650,52636,-1,1,0
2085,83958374,35664,52709,-1,1,0
2086,83998374,35713,52808,-1,1,0
2087,84038374,35700,52787,-1,1,0
2088,84078374,35615,52477,-1,1,0
2089,84118374,35546,52269,-1,1,0
2090,84158374,35545,52260,-1,1,0
2091,84198374,35544,52309,-1,1,0
2092,84238374,35561,52364,-1,1,0
2093,84278374,35590,52462,-1,1,0
2094,84318374,35606,52494,-1,1,0
2095,84358374,35605,52501,-1,1,0
2096,84398374,35605,52535,-1,1,0
2097,84438374,35632,52596,-1,1,0
2098,84478374,35662,52709,-1,1,0
2099,84518374,35698,52820,-1,1,0
2100,84558374,35715,52858,-1,1,0
2101,84598374,35730,52913,-1,1,0
2102,84638374,35771,53037,-1,1,0
2103,84678374,35804,53158,-1,1,0
2104,84718374,35850,53290,-1,1,0
2105,84758374,35834,53197,-1,1,0
2106,84798374,35730,52840,-1,1,0
2107,84838374,35672,52673,-1,1,0
2108,84878374,35698,52736,-1,1,0
2109,84918374,35734,52851,-1,1,0
2110,84958374,35771,52973,-1,1,0
2111,84998374,35799,53070,-1,1,0
2112,85038374,35814,53106,-1,1,0
2113,85078374,35811,53098,-1,1,0
2114,85118374,35826,53126,-1,1,0
2115,85158374,35855,53231,-1,1,0
2116,85198374,35874,53325,-1,1,0
2117,85238374,35900,53390,-1,1,0
2118,85278374,35918,53453,-1,1,0
2119,85318374,35933,53504,-1,1,0
2120,85358374,35951,53577,-1,1,0
2121,85398374,35962,53578,-1,1,0
2122,85438374,35887,53333,-1,1,0
2123,85478374,35783,53006,-1,1,0
2124,85518374,35773,52949,-1,1,0
2125,85558374,35798,53033,-1,1,0
2126,85598374,35835,53148,-1,1,0
2127,85638374,35875,53288,-1,1,0
2128,85678374,35888,53329,-1,1,0
2129,85718374,35872,53315,-1,1,0
2130,85758374,35876,53288,-1,1,0
2131,85798374,35890,53361,-1,1,0
2132,85838374,35911,53467,-1,1,0
2133,85878374,35926,53552,-1,1,0
2134,85918374,35950,53632,-1,1,0
2135,85958374,35960,53658,-1,1,0
2136,85998374,35974,53697,-1,1,0
2137,86038374,35966,53691,-1,1,0
2138,86078374,35907,53479,-1,1,0
2139,86118374,35805,53150,-1,1,0
2140,86158374,35777,53099,-1,1,0
2141,86198374,35820,53228,-1,1,0
2142,86238374,35845,53324,-1,1,0
2143,86278374,35863,53405,-1,1,0
2144,86318374,35887,53438,-1,1,0
2145,86358374,35890,53437,-1,1,0
2146,86398374,35883,53423,-1,1,0
2147,86438374,35887,53443,-1,1,0
2148,86478374,35890,53488,-1,1,0
2149,86518374,35906,53517,-1,1,0
2150,86558374,35895,53526,-1,1,0
2151,86598374,35901,53538,-1,1,0
2152,86638374,35899,53554,-1,1,0
2153,86678374,35901,53543,-1,1,0
2154,86718374,35826,53297,-1,1,0
2155,86758374,35708,52936,-1,1,0
2156,86798374,35704,52992,-1,1,0
2157,86838374,35688,53076,-1,1,0
2158,86878374,35685,53079,-1,1,0
2159,86918374,35692,53102,-1,1,0
2160,86958374,35706,53102,-1,1,0
2161,86998374,35701,53066,-1,1,0
2162,87038374,35703,53040,-1,1,0
2163,87078374,35705,53005,-1,1,0
2164,87118374,35710,53009,-1,1,0
2165,87158374,35719,53029,-1,1,0
2166,87198374,35717,53030,-1,1,0
2167,87238374,35704,53016,-1,1,0
2168,87278374,35696,53008,-1,1,0
2169,87318374,35695,52991,-1,1,0
2170,87358374,35639,52829,-1,1,0
2171,87398374,35517,52404,-1,1,0
2172,87438374,35437,52147,-1,1,0
2173,87478374,35419,52081,-1,1,0
2174,87518374,35421,52072,-1,1,0
2175,87558374,35445,52142,-1,1,0
2176,87598374,35551,52492,-1,1,0
2177,87638374,35623,52684,-1,1,0
2178,87678374,35628,52716,-1,1,0
2179,87718374,35651,52786,-1,1,0
2180,87758374,35668,52881,-1,1,0
2181,87798374,35697,52952,-1,1,0
2182,87838374,35710,53014,-1,1,0
2183,87878374,35723,53041,-1,1,0
2184,87918374,35731,53074,-1,1,0
2185,87958374,35734,53111,-1,1,0
2186,87998374,35753,53175,-1,1,0
2187,88038374,35771,53185,-1,1,0
2188,88078374,35711,52964,-1,1,0
2189,88118374,35680,52839,-1,1,0
2190,88158374,35733,52988,-1,1,0
2191,88198374,35738,53040,-1,1,0
2192,88238374,35764,53104,-1,1,0
2193,88278374,35805,53250,-1,1,0
2194,88318374,35832,53303,-1,1,0
2195,88358374,35831,53314,-1,1,0
2196,88398374,35831,53324,-1,1,0
2197,88438374,35857,53390,-1,1,0
2198,88478374,35886,53461,-1,1,0
2199,88518374,35895,53535,-1,1,0
2200,88558374,35913,53598,-1,1,0
2201,88598374,35940,53656,-1,1,0
2202,88638374,35963,53699,-1,1,0
2203,88678374,36009,53840,-1,1,0
2204,88718374,36046,53955,-1,1,0
2205,88758374,36037,53873,-1,1,0
2206,88798374,35996,53663,-1,1,0
2207,88838374,35989,53640,-1,1,0
2208,88878374,36003,53686,-1,1,0
2209,88918374,36014,53768,-1,1,0
2210,88958374,36037,53830,-1,1,0
2211,88998374,36036,53835,-1,1,0
2212,89038374,36035,53817,-1,1,0
2213,89078374,36037,53834,-1,1,0
2214,89118374,36057,53911,-1,1,0
2215,89158374,36079,53997,-1,1,0
2216,89198374,36103,54078,-1,1,0
2217,89238374,36118,54140,-1,1,0
2218,89278374,36131,54189,-1,1,0
2219,89318374,36148,54221,-1,1,0
2220,89358374,36155,54265,-1,1,0
2221,89398374,36166,54296,-1,1,0
2222,89438374,36119,54133,-1,1,0
2223,89478374,36064,53902,-1,1,0
2224,89518374,36048,53852,-1,1,0
2225,89558374,36069,53876,-1,1,0
2226,89598374,36051,53900,-1,1,0
2227,89638374,36054,53940,-1,1,0
2228,89678374,36060,53954,-1,1,0
2229,89718374,36055,53948,-1,1,0
2230,89758374,36043,53926,-1,1,0
2231,89798374,36040,53940,-1,1,0
2232,89838374,36050,53977,-1,1,0
2233,89878374,36065,54012,-1,1,0
2234,89918374,36063,54043,-1,1,0
2235,89958374,36049,54028,-1,1,0
2236,89998374,36043,54021,-1,1,0
2237,90038374,36040,54004,-1,1,0
2238,90078374,35991,53811,-1,1,0
2239,90118374,35908,53539,-1,1,0
2240,90158374,35864,53429,-1,1,0
2241,90198374,35874,53462,-1,1,0
2242,90238374,35883,53486,-1,1,0
2243,90278374,35893,53538,-1,1,0
2244,90318374,35885,53543,-1,1,0
2245,90358374,35882,53523,-1,1,0
2246,90398374,35869,53506,-1,1,0
2247,90438374,35875,53543,-1,1,0
2248,90478374,35889,53602,-1,1,0
2249,90518374,35903,53659,-1,1,0
2250,90558374,35906,53682,-1,1,0
2251,90598374,35904,53682,-1,1,0
2252,90638374,35903,53684,-1,1,0
2253,90678374,35916,53705,-1,1,0
2254,90718374,35890,53632,-1,1,0
2255,90758374,35785,53307,-1,1,0
2256,90798374,35699,53008,-1,1,0
2257,90838374,35671,52923,-1,1,0
2258,90878374,35666,52929,-1,1,0
2259,90918374,35683,52956,-1,1,0
2260,90958374,35714,53059,-1,1,0
2261,90998374,35733,53097,-1,1,0
2262,91038374,35730,53078,-1,1,0
2263,91078374,35718,53091,-1,1,0
2264,91118374,35713,53114,-1,1,0
2265,91158374,35722,53164,-1,1,0
2266,91198374,35713,53162,-1,1,0
2267,91238374,35683,53109,-1,1,0
2268,91278374,35672,53072,-1,1,0
2269,91318374,35660,53047,-1,1,0
2270,91358374,35646,53030,-1,1,0
2271,91398374,35602,52878,-1,1,0
2272,91438374,35490,52519,-1,1,0
2273,91478374,35429,52310,-1,1,0
2274,91518374,35423,52268,-1,1,0
2275,91558374,35407,52234,-1,1,0
2276,91598374,35410,52246,-1,1,0
2277,91638374,35449,52317,-1,1,0
2278,91678374,35450,52349,-1,1,0
2279,91718374,35439,52299,-1,1,0
2280,91758374,35429,52292,-1,1,0
2281,91798374,35426,52320,-1,1,0
2282,91838374,35446,52381,-1,1,0
2283,91878374,35472,52438,-1,1,0
2284,91918374,35488,52489,-1,1,0
2285,91958374,35506,52535,-1,1,0
2286,91998374,35523,52608,-1,1,0
2287,92038374,35547,52677,-1,1,0
2288,92078374,35557,52745,-1,1,0
2289,92118374,35518,52567,-1,1,0
2290,92158374,35404,52192,-1,1,0
2291,92198374,35370,52060,-1,1,0
2292,92238374,35387,52097,-1,1,0
2293,92278374,35401,52163,-1,1,0
2294,92318374,35435,52292,-1,1,0
2295,92358374,35505,52479,-1,1,0
2296,92398374,35538,52588,-1,1,0
2297,92438374,35555,52612,-1,1,0
2298,92478374,35569,52676,-1,1,0
2299,92518374,35611,52802,-1,1,0
2300,92558374,35645,52949,-1,1,0
2301,92598374,35673,53054,-1,1,0
2302,92638374,35699,53122,-1,1,0
2303,92678374,35725,53181,-1,1,0
2304,92718374,35734,53228,-1,1,0
2305,92758374,35759,53306,-1,1,0
2306,92798374,35779,53363,-1,1,0
2307,92838374,35744,53230,-1,1,0
2308,92878374,35666,52954,-1,1,0
2309,92918374,35667,52918,-1,1,0
2310,92958374,35702,53022,-1,1,0
2311,92998374,35732,53120,-1,1,0
2312,93038374,35761,53226,-1,1,0
2313,93078374,35783,53300,-1,1,0
2314,93118374,35796,53326,-1,1,0
2315,93158374,35803,53344,-1,1,0
2316,93198374,35817,53385,-1,1,0
2317,93238374,35839,53473,-1,1,0
2318,93278374,35860,53543,-1,1,0
2319,93318374,35883,53615,-1,1,0
2320,93358374,35907,53694,-1,1,0
2321,93398374,35920,53747,-1,1,0
2322,93438374,35947,53817,-1,1,0
2323,93478374,35957,53844,-1,1,0
2324,93518374,35902,53657,-1,1,0
2325,93558374,35856,53472,-1,1,0
2326,93598374,35870,53480,-1,1,0
2327,93638374,35880,53545,-1,1,0
2328,93678374,35896,53613,-1,1,0
2329,93718374,35911,53677,-1,1,0
2330,93758374,35922,53696,-1,1,0
2331,93798374,35904,53671,-1,1,0
2332,93838374,35903,53671,-1,1,0
2333,93878374,35905,53684,-1,1,0
2334,93918374,35908,53700,-1,1,0
2335,93958374,35903,53727,-1,1,0
2336,93998374,35907,53756,-1,1,0
2337,94038374,35914,53761,-1,1,0
2338,94078374,35916,53775,-1,1,0
2339,94118374,35901,53757,-1,1,0
2340,94158374,35836,53514,-1,1,0
2341,94198374,35745,53222,-1,1,0
2342,94238374,35738,53188,-1,1,0
2343,94278374,35756,53268,-1,1,0
2344,94318374,35767,53326,-1,1,0
2345,94358374,35776,53386,-1,1,0
2346,94398374,35793,53416,-1,1,0
2347,94438374,35777,53385,-1,1,0
2348,94478374,35776,53378,-1,1,0
2349,94518374,35775,53409,-1,1,0
2350,94558374,35782,53434,-1,1,0
2351,94598374,35773,53444,-1,1,0
2352,94638374,35777,53484,-1,1,0
2353,94678374,35788,53500,-1,1,0
2354,94718374,35794,53529,-1,1,0
2355,94758374,35803,53530,-1,1,0
2356,94798374,35733,53281,-1,1,0
2357,94838374,35646,52978,-1,1,0
2358,94878374,35609,52911,-1,1,0
2359,94918374,35637,52956,-1,1,0
2360,94958374,35634,52974,-1,1,0
2361,94998374,35641,53026,-1,1,0
2362,95038374,35642,53056,-1,1,0
2363,95078374,35647,53032,-1,1,0
2364,95118374,35634,53006,-1,1,0
2365,95158374,35643,53020,-1,1,0
2366,95198374,35655,53075,-1,1,0
2367,95238374,35656,53093,-1,1,0
2368,95278374,35656,53128,-1,1,0
2369,95318374,35676,53151,-1,1,0
2370,95358374,35673,53178,-1,1,0
2371,95398374,35660,53153,-1,1,0
2372,95438374,35572,52855,-1,1,0
2373,95478374,35462,52479,-1,1,0
2374,95518374,35429,52377,-1,1,0
2375,95558374,35441,52409,-1,1,0
2376,95598374,35474,52469,-1,1,0
2377,95638374,35505,52577,-1,1,0
2378,95678374,35510,52623,-1,1,0
2379,95718374,35504,52604,-1,1,0
2380,95758374,35495,52594,-1,1,0
2381,95798374,35500,52619,-1,1,0
2382,95838374,35515,52694,-1,1,0
2383,95878374,35531,52759,-1,1,0
2384,95918374,35544,52817,-1,1,0
2385,95958374,35551,52854,-1,1,0
2386,95998374,35566,52900,-1,1,0
2387,96038374,35593,52976,-1,1,0
2388,96078374,35575,52881,-1,1,0
2389,96118374,35483,52564,-1,1,0
2390,96158374,35441,52439,-1,1,0
2391,96198374,35469,52498,-1,1,0
2392,96238374,35486,52552,-1,1,0
2393,96278374,35505,52625,-1,1,0
2394,96318374,35546,52723,-1,1,0
2395,96358374,35543,52746,-1,1,0
2396,96398374,35536,52732,-1,1,0
2397,96438374,35552,52775,-1,1,0
2398,96478374,35588,52898,-1,1,0
2399,96518374,35625,53024,-1,1,0
2400,96558374,35653,53114,-1,1,0
2401,96598374,35677,53182,-1,1,0
2402,96638374,35688,53214,-1,1,0
2403,96678374,35697,53273,-1,1,0
2404,96718374,35719,53327,-1,1,0
2405,96758374,35708,53220,-1,1,0
2406,96798374,35614,52909,-1,1,0
2407,96838374,35592,52850,-1,1,0
2408,96878374,35620,52930,-1,1,0
2409,96918374,35652,53027,-1,1,0
2410,96958374,35692,53162,-1,1,0
2411,96998374,35703,53222,-1,1,0
2412,97038374,35726,53251,-1,1,0
2413,97078374,35738,53293,-1,1,0
2414,97118374,35765,53366,-1,1,0
2415,97158374,35783,53452,-1,1,0
2416,97198374,35790,53494,-1,1,0
2417,97238374,35811,53565,-1,1,0
2418,97278374,35804,53565,-1,1,0
2419,97318374,35789,53557,-1,1,0
2420,97358374,35785,53553,-1,1,0
2421,97398374,35792,53584,-1,1,0
2422,97438374,35764,53415,-1,1,0
2423,97478374,35698,53214,-1,1,0
2424,97518374,35699,53227,-1,1,0
2425,97558374,35720,53318,-1,1,0
2426,97598374,35759,53410,-1,1,0
2427,97638374,35779,53492,-1,1,0
2428,97678374,35791,53514,-1,1,0
2429,97718374,35780,53502,-1,1,0
2430,97758374,35777,53499,-1,1,0
2431,97798374,35780,53531,-1,1,0
2432,97838374,35803,53562,-1,1,0
2433,97878374,35814,53597,-1,1,0
2434,97918374,35826,53622,-1,1,0
2435,97958374,35821,53647,-1,1,0
2436,97998374,35821,53676,-1,1,0
2437,98038374,35800,53626,-1,1,0
2438,98078374,35725,53381,-1,1,0
2439,98118374,35686,53209,-1,1,0
2440,98158374,35686,53246,-1,1,0
2441,98198374,35705,53305,-1,1,0
2442,98238374,35725,53363,-1,1,0
2443,98278374,35739,53415,-1,1,0
2444,98318374,35736,53409,-1,1,0
2445,98358374,35727,53394,-1,1,0
2446,98398374,35723,53407,-1,1,0
2447,98438374,35728,53427,-1,1,0
2448,98478374,35741,53450,-1,1,0
2449,98518374,35727,53447,-1,1,0
2450,98558374,35724,53459,-1,1,0
2451,98598374,35735,53471,-1,1,0
2452,98638374,35748,53519,-1,1,0
2453,98678374,35706,53364,-1,1,0
2454,98718374,35613,53038,-1,1,0
2455,98758374,35557,52876,-1,1,0
2456,98798374,35574,52910,-1,1,0
2457,98838374,35581,52931,-1,1,0
2458,98878374,35591,52970,-1,1,0
2459,98918374,35590,53013,-1,1,0
2460,98958374,35573,52965,-1,1,0
2461,98998374,35566,52919,-1,1,0
2462,99038374,35567,52950,-1,1,0
2463,99078374,35592,53027,-1,1,0
2464,99118374,35617,53105,-1,1,0
2465,99158374,35641,53171,-1,1,0
2466,99198374,35653,53219,-1,1,0
2467,99238374,35657,53244,-1,1,0
2468,99278374,35649,53214,-1,1,0
2469,99318374,35576,52972,-1,1,0
2470,99358374,35484,52655,-1,1,0
2471,99398374,35448,52558,-1,1,0
2472,99438374,35452,52569,-1,1,0
2473,99478374,35471,52622,-1,1,0
2474,99518374,35486,52678,-1,1,0
2475,99558374,35499,52735,-1,1,0
2476,99598374,35515,52738,-1,1,0
2477,99638374,35507,52762,-1,1,0
2478,99678374,35521,52809,-1,1,0
2479,99718374,35543,52901,-1,1,0
2480,99758374,35569,52975,-1,1,0
2481,99798374,35581,53028,-1,1,0
2482,99838374,35577,53049,-1,1,0
2483,99878374,35593,53085,-1,1,0
2484,99918374,35608,53117,-1,1,0
2485,99958374,35556,52951,-1,1,0
2486,99998374,35474,52650,-1,1,0
2487,100038374,35444,52571,-1,1,0
2488,100078374,35465,52591,-1,1,0
2489,100118374,35462,52604,-1,1,0
2490,100158374,35490,52688,-1,1,0
2491,100198374,35532,52796,-1,1,0
2492,100238374,35551,52839,-1,1,0
2493,100278374,35568,52927,-1,1,0
2494,100318374,35607,53053,-1,1,0
2495,100358374,35636,53156,-1,1,0
2496,100398374,35663,53252,-1,1,0
2497,100438374,35682,53308,-1,1,0
2498,100478374,35694,53349,-1,1,0
2499,100518374,35713,53386,-1,1,0
2500,100558374,35721,53451,-1,1,0
2501,100598374,35740,53478,-1,1,0
2502,100638374,35698,53315,-1,1,0
2503,100678374,35622,53046,-1,1,0
2504,100718374,35615,53012,-1,1,0
2505,100758374,35627,53079,-1,1,0
2506,100798374,35664,53160,-1,1,0
2507,100838374,35705,53281,-1,1,0
2508,100878374,35725,53353,-1,1,0
2509,100918374,35729,53370,-1,1,0
2510,100958374,35749,53428,-1,1,0
2511,100998374,35771,53491,-1,1,0
2512,101038374,35786,53545,-1,1,0
2513,101078374,35807,53621,-1,1,0
2514,101118374,35820,53679,-1,1,0
2515,101158374,35836,53699,-1,1,0
2516,101198374,35851,53730,-1,1,0
2517,101238374,35853,53771,-1,1,0
2518,101278374,35864,53810,-1,1,0
2519,101318374,35848,53719,-1,1,0
2520,101358374,35785,53469,-1,1,0
2521,101398374,35765,53379,-1,1,0
2522,101438374,35786,53427,-1,1,0
2523,101478374,35775,53475,-1,1,0
2524,101518374,35819,53573,-1,1,0
2525,101558374,35852,53687,-1,1,0
2526,101598374,35893,53743,-1,1,0
2527,101638374,35877,53712,-1,1,0
2528,101678374,35858,53681,-1,1,0
2529,101718374,35855,53700,-1,1,0
2530,101758374,35872,53755,-1,1,0
2531,101798374,35895,53820,-1,1,0
2532,101838374,35923,53883,-1,1,0
2533,101878374,35920,53912,-1,1,0
2534,101918374,35904,53914,-1,1,0
2535,101958374,35899,53875,-1,1,0
2536,101998374,35840,53695,-1,1,0
2537,102038374,35758,53393,-1,1,0
2538,102078374,35727,53287,-1,1,0
2539,102118374,35746,53362,-1,1,0
2540,102158374,35764,53430,-1,1,0
2541,102198374,35789,53503,-1,1,0
2542,102238374,35786,53519,-1,1,0
2543,102278374,35780,53488,-1,1,0
2544,102318374,35772,53503,-1,1,0
2545,102358374,35771,53527,-1,1,0
2546,102398374,35787,53575,-1,1,0
2547,102438374,35795,53598,-1,1,0
2548,102478374,35802,53606,-1,1,0
2549,102518374,35797,53628,-1,1,0
2550,102558374,35793,53629,-1,1,0
2551,102598374,35798,53663,-1,1,0
2552,102638374,35800,53683,-1,1,0
2553,102678374,35760,53475,-1,1,0
2554,102718374,35658,53143,-1,1,0
2555,102758374,35622,53016,-1,1,0
2556,102798374,35602,52993,-1,1,0
2557,102838374,35599,52981,-1,1,0
2558,102878374,35604,53039,-1,1,0
2559,102918374,35631,53092,-1,1,0
2560,102958374,35610,53063,-1,1,0
2561,102998374,35597,53016,-1,1,0
2562,103038374,35577,52985,-1,1,0
2563,103078374,35563,52991,-1,1,0
2564,103118374,35575,53014,-1,1,0
2565,103158374,35578,53052,-1,1,0
2566,103198374,35591,53067,-1,1,0
2567,103238374,35578,53052,-1,1,0
2568,103278374,35572,53052,-1,1,0
2569,103318374,35588,53102,-1,1,0
2570,103358374,35571,53056,-1,1,0
2571,103398374,35462,52696,-1,1,0
2572,103438374,35365,52399,-1,1,0
2573,103478374,35342,52323,-1,1,0
2574,103518374,35329,52274,-1,1,0
2575,103558374,35310,52217,-1,1,0
2576,103598374,35299,52193,-1,1,0
2577,103638374,35281,52160,-1,1,0
2578,103678374,35271,52115,-1,1,0
2579,103718374,35264,52092,-1,1,0
2580,103758374,35273,52117,-1,1,0
2581,103798374,35283,52164,-1,1,0
2582,103838374,35298,52264,-1,1,0
2583,103878374,35353,52385,-1,1,0
2584,103918374,35392,52511,-1,1,0
2585,103958374,35401,52571,-1,1,0
2586,103998374,35410,52629,-1,1,0
2587,104038374,35429,52714,-1,1,0
2588,104078374,35468,52787,-1,1,0
2589,104118374,35417,52623,-1,1,0
2590,104158374,35300,52270,-1,1,0
2591,104198374,35280,52211,-1,1,0
2592,104238374,35317,52296,-1,1,0
2593,104278374,35340,52385,-1,1,0
2594,104318374,35392,52513,-1,1,0
2595,104358374,35428,52649,-1,1,0
2596,104398374,35449,52686,-1,1,0
2597,104438374,35446,52688,-1,1,0
2598,104478374,35447,52721,-1,1,0
2599,104518374,35478,52812,-1,1,0
2600,104558374,35514,52938,-1,1,0
2601,104598374,35544,53004,-1,1,0
2602,104638374,35541,53051,-1,1,0
2603,104678374,35567,53091,-1,1,0
2604,104718374,35583,53143,-1,1,0
2605,104758374,35606,53214,-1,1,0
2606,104798374,35634,53305,-1,1,0
2607,104838374,35648,53323,-1,1,0
2608,104878374,35587,53083,-1,1,0
2609,104918374,35498,52800,-1,1,0
2610,104958374,35488,52784,-1,1,0
2611,104998374,35531,52919,-1,1,0
2612,105038374,35571,53041,-1,1,0
2613,105078374,35616,53165,-1,1,0
2614,105118374,35631,53239,-1,1,0
2615,105158374,35646,53249,-1,1,0
2616,105198374,35652,53268,-1,1,0
2617,105238374,35662,53334,-1,1,0
2618,105278374,35698,53417,-1,1,0
2619,105318374,35703,53485,-1,1,0
2620,105358374,35721,53546,-1,1,0
2621,105398374,35735,53613,-1,1,0
2622,105438374,35763,53681,-1,1,0
2623,105478374,35790,53759,-1,1,0
2624,105518374,35814,53828,-1,1,0
2625,105558374,35811,53763,-1,1,0
2626,105598374,35730,53500,-1,1,0
2627,105638374,35718,53414,-1,1,0
2628,105678374,35744,53488,-1,1,0
2629,105718374,35781,53607,-1,1,0
2630,105758374,35812,53728,-1,1,0
2631,105798374,35858,53839,-1,1,0
2632,105838374,35857,53854,-1,1,0
2633,105878374,35868,53858,-1,1,0
2634,105918374,35876,53894,-1,1,0
2635,105958374,35899,53941,-1,1,0
2636,105998374,35896,53985,-1,1,0
2637,106038374,35902,54015,-1,1,0
2638,106078374,35902,54033,-1,1,0
2639,106118374,35916,54058,-1,1,0
2640,106158374,35926,54114,-1,1,0
2641,106198374,35929,54088,-1,1,0
2642,106238374,35843,53802,-1,1,0
2643,106278374,35793,53598,-1,1,0
2644,106318374,35797,53606,-1,1,0
2645,106358374,35803,53676,-1,1,0
2646,106398374,35817,53734,-1,1,0
2647,106438374,35828,53789,-1,1,0
2648,106478374,35828,53788,-1,1,0
2649,106518374,35816,53739,-1,1,0
2650,106558374,35804,53712,-1,1,0
2651,106598374,35809,53754,-1,1,0
2652,106638374,35817,53783,-1,1,0
2653,106678374,35811,53790,-1,1,0
2654,106718374,35807,53794,-1,1,0
2655,106758374,35795,53778,-1,1,0
2656,106798374,35795,53800,-1,1,0
2657,106838374,35782,53702,-1,1,0
2658,106878374,35676,53333,-1,1,0
2659,106918374,35593,53045,-1,1,0
2660,106958374,35574,52990,-1,1,0
2661,106998374,35579,53034,-1,1,0
2662,107038374,35589,53074,-1,1,0
2663,107078374,35607,53132,-1,1,0
2664,107118374,35612,53145,-1,1,0
2665,107158374,35604,53112,-1,1,0
2666,107198374,35583,53098,-1,1,0
2667,107238374,35600,53125,-1,1,0
2668,107278374,35601,53159,-1,1,0
2669,107318374,35603,53189,-1,1,0
2670,107358374,35614,53223,-1,1,0
2671,107398374,35607,53230,-1,1,0
2672,107438374,35616,53261,-1,1,0
2673,107478374,35586,53153,-1,1,0
2674,107518374,35471,52774,-1,1,0
2675,107558374,35391,52502,-1,1,0
2676,107598374,35366,52455,-1,1,0
2677,107638374,35368,52453,-1,1,0
2678,107678374,35393,52499,-1,1,0
2679,107718374,35420,52613,-1,1,0
2680,107758374,35437,52640,-1,1,0
2681,107798374,35419,52592,-1,1,0
2682,107838374,35424,52595,-1,1,0
2683,107878374,35422,52651,-1,1,0
2684,107918374,35437,52690,-1,1,0
2685,107958374,35438,52684,-1,1,0
2686,107998374,35432,52706,-1,1,0
2687,108038374,35443,52742,-1,1,0
2688,108078374,35452,52790,-1,1,0
2689,108118374,35459,52810,-1,1,0
2690,108158374,35397,52610,-1,1,0
2691,108198374,35292,52255,-1,1,0
2692,108238374,35255,52120,-1,1,0
2693,108278374,35250,52110,-1,1,0
2694,108318374,35252,52141,-1,1,0
2695,108358374,35287,52206,-1,1,0
2696,108398374,35303,52308,-1,1,0
2697,108438374,35316,52335,-1,1,0
2698,108478374,35322,52327,-1,1,0
2699,108518374,35340,52370,-1,1,0
2700,108558374,35365,52441,-1,1,0
2701,108598374,35382,52522,-1,1,0
2702,108638374,35397,52585,-1,1,0
2703,108678374,35419,52633,-1,1,0
2704,108718374,35430,52705,-1,1,0
2705,108758374,35451,52772,-1,1,0
2706,108798374,35475,52859,-1,1,0
2707,108838374,35460,52817,-1,1,0
2708,108878374,35374,52491,-1,1,0
2709,108918374,35307,52249,-1,1,0
2710,108958374,35301,52235,-1,1,0
2711,108998374,35326,52298,-1,1,0
2712,109038374,35361,52415,-1,1,0
2713,109078374,35392,52524,-1,1,0
2714,109118374,35403,52567,-1,1,0
2715,109158374,35416,52586,-1,1,0
2716,109198374,35434,52645,-1,1,0
2717,109238374,35452,52735,-1,1,0
2718,109278374,35489,52841,-1,1,0
2719,109318374,35521,52962,-1,1,0
2720,109358374,35553,53035,-1,1,0
2721,109398374,35570,53083,-1,1,0
2722,109438374,35577,53129,-1,1,0
2723,109478374,35569,53152,-1,1,0
2724,109518374,35575,53150,-1,1,0
2725,109558374,35545,53110,-1,1,0
2726,109598374,35470,52793,-1,1,0
2727,109638374,35395,52533,-1,1,0
2728,109678374,35402,52558,-1,1,0
2729,109718374,35428,52637,-1,1,0
2730,109758374,35454,52731,-1,1,0
2731,109798374,35481,52816,-1,1,0
2732,109838374,35494,52853,-1,1,0
2733,109878374,35495,52857,-1,1,0
2734,109918374,35500,52889,-1,1,0
2735,109958374,35519,52958,-1,1,0
2736,109998374,35564,53072,-1,1,0
2737,110038374,35589,53167,-1,1,0
2738,110078374,35620,53247,-1,1,0
2739,110118374,35640,53307,-1,1,0
2740,110158374,35647,53341,-1,1,0
2741,110198374,35657,53390,-1,1,0
2742,110238374,35679,53450,-1,1,0
2743,110278374,35633,53275,-1,1,0
2744,110318374,35541,52957,-1,1,0
2745,110358374,35506,52855,-1,1,0
2746,110398374,35519,52912,-1,1,0
2747,110438374,35552,53014,-1,1,0
2748,110478374,35586,53125,-1,1,0
2749,110518374,35610,53180,-1,1,0
2750,110558374,35604,53161,-1,1,0
2751,110598374,35582,53143,-1,1,0
2752,110638374,35607,53181,-1,1,0
2753,110678374,35617,53240,-1,1,0
2754,110718374,35635,53279,-1,1,0
2755,110758374,35630,53315,-1,1,0
2756,110798374,35633,53338,-1,1,0
2757,110838374,35638,53375,-1,1,0
2758,110878374,35648,53398,-1,1,0
2759,110918374,35632,53353,-1,1,0
2760,110958374,35548,53051,-1,1,0
2761,110998374,35464,52766,-1,1,0
2762,111038374,35448,52730,-1,1,0
2763,111078374,35468,52804,-1,1,0
2764,111118374,35490,52889,-1,1,0
2765,111158374,35520,52989,-1,1,0
2766,111198374,35526,53029,-1,1,0
2767,111238374,35529,53020,-1,1,0
2768,111278374,35530,53011,-1,1,0
2769,111318374,35530,53049,-1,1,0
2770,111358374,35542,53116,-1,1,0
2771,111398374,35561,53156,-1,1,0
2772,111438374,35565,53202,-1,1,0
2773,111478374,35572,53235,-1,1,0
2774,111518374,35568,53234,-1,1,0
2775,111558374,35581,53267,-1,1,0
2776,111598374,35560,53140,-1,1,0
2777,111638374,35444,52753,-1,1,0
2778,111678374,35393,52577,-1,1,0
2779,111718374,35390,52592,-1,1,0
2780,111758374,35396,52643,-1,1,0
2781,111798374,35409,52692,-1,1,0
2782,111838374,35427,52747,-1,1,0
2783,111878374,35415,52737,-1,1,0
2784,111918374,35420,52713,-1,1,0
2785,111958374,35409,52696,-1,1,0
2786,111998374,35424,52755,-1,1,0
2787,112038374,35445,52847,-1,1,0
2788,112078374,35461,52899,-1,1,0
2789,112118374,35469,52935,-1,1,0
2790,112158374,35462,52928,-1,1,0
2791,112198374,35450,52905,-1,1,0
2792,112238374,35429,52865,-1,1,0
2793,112278374,35393,52715,-1,1,0
2794,112318374,35267,52329,-1,1,0
2795,112358374,35195,52092,-1,1,0
2796,112398374,35182,52046,-1,1,0
2797,112438374,35193,52048,-1,1,0
2798,112478374,35196,52083,-1,1,0
2799,112518374,35218,52164,-1,1,0
2800,112558374,35225,52164,-1,1,0
2801,112598374,35200,52123,-1,1,0
2802,112638374,35193,52108,-1,1,0
2803,112678374,35197,52142,-1,1,0
2804,112718374,35218,52215,-1,1,0
2805,112758374,35229,52286,-1,1,0
2806,112798374,35248,52322,-1,1,0
2807,112838374,35272,52388,-1,1,0
2808,112878374,35279,52438,-1,1,0
2809,112918374,35311,52524,-1,1,0
2810,112958374,35329,52582,-1,1,0
2811,112998374,35274,52382,-1,1,0
2812,113038374,35173,52057,-1,1,0
2813,113078374,35152,51994,-1,1,0
2814,113118374,35167,52024,-1,1,0
2815,113158374,35174,52051,-1,1,0
2816,113198374,35190,52119,-1,1,0
2817,113238374,35212,52181,-1,1,0
2818,113278374,35204,52189,-1,1,0
2819,113318374,35214,52224,-1,1,0
2820,113358374,35238,52286,-1,1,0
2821,113398374,35278,52407,-1,1,0
2822,113438374,35329,52533,-1,1,0
2823,113478374,35352,52624,-1,1,0
2824,113518374,35352,52618,-1,1,0
2825,113558374,35333,52616,-1,1,0
2826,113598374,35312,52581,-1,1,0
2827,113638374,35330,52617,-1,1,0
2828,113678374,35322,52609,-1,1,0
2829,113718374,35240,52326,-1,1,0
2830,113758374,35159,52032,-1,1,0
2831,113798374,35124,51953,-1,1,0
2832,113838374,35140,51976,-1,1,0
2833,113878374,35152,52011,-1,1,0
2834,113918374,35178,52107,-1,1,0
2835,113958374,35194,52161,-1,1,0
2836,113998374,35204,52166,-1,1,0
2837,114038374,35202,52187,-1,1,0
2838,114078374,35208,52235,-1,1,0
2839,114118374,35215,52295,-1,1,0
2840,114158374,35241,52344,-1,1,0
2841,114198374,35235,52394,-1,1,0
2842,114238374,35257,52423,-1,1,0
2843,114278374,35266,52468,-1,1,0
2844,114318374,35303,52573,-1,1,0
2845,114358374,35356,52701,-1,1,0
2846,114398374,35362,52744,-1,1,0
2847,114438374,35279,52448,-1,1,0
2848,114478374,35193,52190,-1,1,0
2849,114518374,35210,52201,-1,1,0
2850,114558374,35255,52334,-1,1,0
2851,114598374,35303,52448,-1,1,0
2852,114638374,35332,52579,-1,1,0
2853,114678374,35351,52624,-1,1,0
2854,114718374,35370,52650,-1,1,0
2855,114758374,35383,52722,-1,1,0
2856,114798374,35410,52806,-1,1,0
2857,114838374,35437,52921,-1,1,0
2858,114878374,35468,53009,-1,1,0
2859,114918374,35486,53074,-1,1,0
2860,114958374,35526,53159,-1,1,0
2861,114998374,35537,53218,-1,1,0
2862,115038374,35560,53280,-1,1,0
2863,115078374,35579,53357,-1,1,0
2864,115118374,35566,53311,-1,1,0
2865,115158374,35492,53007,-1,1,0
2866,115198374,35435,52813,-1,1,0
2867,115238374,35457,52870,-1,1,0
2868,115278374,35502,53002,-1,1,0
2869,115318374,35543,53140,-1,1,0
2870,115358374,35578,53256,-1,1,0
2871,115398374,35603,53298,-1,1,0
2872,115438374,35606,53321,-1,1,0
2873,115478374,35623,53370,-1,1,0
2874,115518374,35637,53446,-1,1,0
2875,115558374,35648,53508,-1,1,0
2876,115598374,35665,53545,-1,1,0
2877,115638374,35666,53576,-1,1,0
2878,115678374,35670,53615,-1,1,0
2879,115718374,35709,53704,-1,1,0
2880,115758374,35745,53780,-1,1,0
2881,115798374,35739,53733,-1,1,0
2882,115838374,35646,53403,-1,1,0
2883,115878374,35585,53172,-1,1,0
2884,115918374,35587,53211,-1,1,0
2885,115958374,35608,53302,-1,1,0
2886,115998374,35636,53391,-1,1,0
2887,116038374,35655,53451,-1,1,0
2888,116078374,35647,53442,-1,1,0
2889,116118374,35640,53399,-1,1,0
2890,116158374,35624,53387,-1,1,0
2891,116198374,35634,53413,-1,1,0
2892,116238374,35655,53463,-1,1,0
2893,116278374,35662,53495,-1,1,0
2894,116318374,35670,53520,-1,1,0
2895,116358374,35669,53524,-1,1,0
2896,116398374,35667,53542,-1,1,0
2897,116438374,35635,53442,-1,1,0
2898,116478374,35524,53078,-1,1,0
2899,116518374,35429,52801,-1,1,0
2900,116558374,35438,52793,-1,1,0
2901,116598374,35450,52865,-1,1,0
2902,116638374,35481,52935,-1,1,0
2903,116678374,35492,53002,-1,1,0
2904,116718374,35498,53000,-1,1,0
2905,116758374,35469,52948,-1,1,0
2906,116798374,35473,52948,-1,1,0
2907,116838374,35485,52984,-1,1,0
2908,116878374,35491,53037,-1,1,0
2909,116918374,35492,53049,-1,1,0
2910,116958374,35492,53054,-1,1,0
2911,116998374,35497,53069,-1,1,0
2912,117038374,35492,53055,-1,1,0
2913,117078374,35436,52884,-1,1,0
2914,117118374,35302,52435,-1,1,0
2915,117158374,35229,52222,-1,1,0
2916,117198374,35222,52207,-1,1,0
2917,117238374,35246,52251,-1,1,0
2918,117278374,35254,52290,-1,1,0
2919,117318374,35267,52331,-1,1,0
2920,117358374,35250,52293,-1,1,0
2921,117398374,35228,52240,-1,1,0
2922,117438374,35220,52223,-1,1,0
2923,117478374,35233,52249,-1,1,0
2924,117518374,35253,52329,-1,1,0
2925,117558374,35280,52430,-1,1,0
2926,117598374,35301,52488,-1,1,0
2927,117638374,35303,52500,-1,1,0
2928,117678374,35306,52527,-1,1,0
2929,117718374,35272,52403,-1,1,0
2930,117758374,35161,52070,-1,1,0
2931,117798374,35117,51879,-1,1,0
2932,117838374,35105,51861,-1,1,0
2933,117878374,35119,51894,-1,1,0
2934,117918374,35141,51954,-1,1,0
2935,117958374,35160,52034,-1,1,0
2936,117998374,35180,52062,-1,1,0
2937,118038374,35181,52057,-1,1,0
2938,118078374,35190,52087,-1,1,0
2939,118118374,35194,52129,-1,1,0
2940,118158374,35202,52173,-1,1,0
2941,118198374,35219,52211,-1,1,0
2942,118238374,35210,52229,-1,1,0
2943,118278374,35206,52226,-1,1,0
2944,118318374,35228,52270,-1,1,0
2945,118358374,35234,52272,-1,1,0
2946,118398374,35159,52024,-1,1,0
2947,118438374,35105,51843,-1,1,0
2948,118478374,35110,51827,-1,1,0
2949,118518374,35110,51847,-1,1,0
2950,118558374,35120,51871,-1,1,0
2951,118598374,35140,51937,-1,1,0
2952,118638374,35157,51977,-1,1,0
2953,118678374,35161,51983,-1,1,0
2954,118718374,35161,52013,-1,1,0
2955,118758374,35176,52083,-1,1,0
2956,118798374,35189,52162,-1,1,0
2957,118838374,35207,52225,-1,1,0
2958,118878374,35216,52274,-1,1,0
2959,118918374,35225,52296,-1,1,0
2960,118958374,35240,52354,-1,1,0
2961,118998374,35270,52455,-1,1,0
2962,119038374,35262,52415,-1,1,0
2963,119078374,35160,52080,-1,1,0
2964,119118374,35109,51894,-1,1,0
2965,119158374,35116,51922,-1,1,0
2966,119198374,35127,51954,-1,1,0
2967,119238374,35146,51997,-1,1,0
2968,119278374,35184,52113,-1,1,0
2969,119318374,35202,52158,-1,1,0
2970,119358374,35199,52169,-1,1,0
2971,119398374,35217,52238,-1,1,0
2972,119438374,35237,52321,-1,1,0
2973,119478374,35284,52415,-1,1,0
2974,119518374,35318,52524,-1,1,0
2975,119558374,35343,52616,-1,1,0
2976,119598374,35360,52693,-1,1,0
2977,119638374,35391,52779,-1,1,0
2978,119678374,35416,52887,-1,1,0
2979,119718374,35430,52908,-1,1,0
2980,119758374,35345,52603,-1,1,0
2981,119798374,35265,52319,-1,1,0
2982,119838374,35264,52328,-1,1,0
2983,119878374,35308,52419,-1,1,0
2984,119918374,35325,52509,-1,1,0
2985,119958374,35377,52653,-1,1,0
2986,119998374,35398,52733,-1,1,0
2987,120038374,35397,52736,-1,1,0
2988,120078374,35422,52776,-1,1,0
2989,120118374,35438,52820,-1,1,0
2990,120158374,35460,52917,-1,1,0
2991,120198374,35475,52989,-1,1,0
2992,120238374,35493,53055,-1,1,0
2993,120278374,35509,53120,-1,1,0
2994,120318374,35528,53173,-1,1,0
2995,120358374,35552,53233,-1,1,0
2996,120398374,35540,53194,-1,1,0
2997,120438374,35440,52844,-1,1,0
2998,120478374,35355,52553,-1,1,0
2999,120518374,35343,52555,-1,1,0
3000,120558374,35353,52595,-1,1,0
3001,120598374,35387,52670,-1,1,0
3002,120638374,35418,52784,-1,1,0
3003,120678374,35423,52828,-1,1,0
3004,120718374,35428,52804,-1,1,0
3005,120758374,35427,52817,-1,1,0
3006,120798374,35449,52910,-1,1,0
3007,120838374,35479,52991,-1,1,0
3008,120878374,35494,53035,-1,1,0
3009,120918374,35513,53098,-1,1,0
3010,120958374,35518,53131,-1,1,0
3011,120998374,35537,53201,-1,1,0
3012,121038374,35538,53208,-1,1,0
3013,121078374,35462,52955,-1,1,0
3014,121118374,35340,52570,-1,1,0
3015,121158374,35309,52479,-1,1,0
3016,121198374,35320,52523,-1,1,0
3017,121238374,35346,52585,-1,1,0
3018,121278374,35367,52658,-1,1,0
3019,121318374,35366,52685,-1,1,0
3020,121358374,35342,52636,-1,1,0
3021,121398374,35358,52615,-1,1,0
3022,121438374,35352,52646,-1,1,0
3023,121478374,35376,52712,-1,1,0
3024,121518374,35384,52746,-1,1,0
3025,121558374,35388,52765,-1,1,0
3026,121598374,35375,52759,-1,1,0
3027,121638374,35383,52774,-1,1,0
3028,121678374,35377,52767,-1,1,0
3029,121718374,35299,52518,-1,1,0
3030,121758374,35204,52185,-1,1,0
3031,121798374,35160,52072,-1,1,0
3032,121838374,35170,52085,-1,1,0
3033,121878374,35171,52089,-1,1,0
3034,121918374,35191,52152,-1,1,0
3035,121958374,35216,52210,-1,1,0
3036,121998374,35215,52197,-1,1,0
3037,122038374,35208,52198,-1,1,0
3038,122078374,35213,52220,-1,1,0
3039,122118374,35236,52291,-1,1,0
3040,122158374,35243,52341,-1,1,0
3041,122198374,35260,52394,-1,1,0
3042,122238374,35280,52444,-1,1,0
3043,122278374,35276,52476,-1,1,0
3044,122318374,35282,52508,-1,1,0
3045,122358374,35266,52442,-1,1,0
3046,122398374,35166,52073,-1,1,0
3047,122438374,35092,51867,-1,1,0
3048,122478374,35078,51811,-1,1,0
3049,122518374,35079,51805,-1,1,0
3050,122558374,35079,51833,-1,1,0
3051,122598374,35097,51912,-1,1,0
3052,122638374,35109,51952,-1,1,0
3053,122678374,35123,51950,-1,1,0
3054,122718374,35113,51955,-1,1,0
3055,122758374,35111,51973,-1,1,0
3056,122798374,35118,51995,-1,1,0
3057,122838374,35112,51995,-1,1,0
3058,122878374,35112,51997,-1,1,0
3059,122918374,35105,52007,-1,1,0
3060,122958374,35111,52030,-1,1,0
3061,122998374,35116,52055,-1,1,0
3062,123038374,35098,52008,-1,1,0
3063,123078374,35020,51718,-1,1,0
3064,123118374,34938,51453,-1,1,0
3065,123158374,34916,51352,-1,1,0
3066,123198374,34919,51322,-1,1,0
3067,123238374,34915,51322,-1,1,0
3068,123278374,34927,51389,-1,1,0
3069,123318374,34933,51405,-1,1,0
3070,123358374,34909,51382,-1,1,0
3071,123398374,34912,51375,-1,1,0
3072,123438374,34913,51404,-1,1,0
3073,123478374,34929,51442,-1,1,0
3074,123518374,34930,51480,-1,1,0
3075,123558374,34948,51517,-1,1,0
3076,123598374,34966,51564,-1,1,0
3077,123638374,34974,51608,-1,1,0
3078,123678374,34978,51658,-1,1,0
3079,123718374,34999,51707,-1,1,0
3080,123758374,34970,51607,-1,1,0
3081,123798374,34862,51279,-1,1,0
3082,123838374,34788,51052,-1,1,0
3083,123878374,34773,50994,-1,1,0
3084,123918374,34791,51037,-1,1,0
3085,123958374,34808,51127,-1,1,0
3086,123998374,34842,51236,-1,1,0
3087,124038374,34849,51257,-1,1,0
3088,124078374,34848,51273,-1,1,0
3089,124118374,34852,51320,-1,1,0
3090,124158374,34861,51365,-1,1,0
3091,124198374,34890,51461,-1,1,0
3092,124238374,34924,51578,-1,1,0
3093,124278374,34961,51676,-1,1,0
3094,124318374,34970,51715,-1,1,0
3095,124358374,34976,51760,-1,1,0
3096,124398374,35009,51842,-1,1,0
3097,124438374,35037,51913,-1,1,0
3098,124478374,34992,51792,-1,1,0
3099,124518374,34894,51428,-1,1,0
3100,124558374,34857,51306,-1,1,0
3101,124598374,34883,51362,-1,1,0
3102,124638374,34909,51439,-1,1,0
3103,124678374,34934,51523,-1,1,0
3104,124718374,34965,51633,-1,1,0
3105,124758374,34976,51663,-1,1,0
3106,124798374,34992,51701,-1,1,0
3107,124838374,35020,51783,-1,1,0
3108,124878374,35063,51894,-1,1,0
3109,124918374,35099,52009,-1,1,0
3110,124958374,35135,52118,-1,1,0
3111,124998374,35148,52182,-1,1,0
3112,125038374,35174,52212,-1,1,0
3113,125078374,35168,52229,-1,1,0
3114,125118374,35179,52301,-1,1,0
3115,125158374,35181,52298,-1,1,0
3116,125198374,35100,51995,-1,1,0
3117,125238374,35016,51715,-1,1,0
3118,125278374,35004,51690,-1,1,0
3119,125318374,35017,51742,-1,1,0
3120,125358374,35036,51832,-1,1,0
3121,125398374,35077,51945,-1,1,0
3122,125438374,35092,51979,-1,1,0
3123,125478374,35083,51954,-1,1,0
3124,125518374,35084,51970,-1,1,0
3125,125558374,35103,52052,-1,1,0
3126,125598374,35143,52149,-1,1,0
3127,125638374,35151,52240,-1,1,0
3128,125678374,35185,52335,-1,1,0
3129,125718374,35202,52402,-1,1,0
3130,125758374,35212,52447,-1,1,0
3131,125798374,35249,52530,-1,1,0
3132,125838374,35267,52569,-1,1,0
3133,125878374,35178,52277,-1,1,0
3134,125918374,35101,51997,-1,1,0
3135,125958374,35098,51990,-1,1,0
3136,125998374,35137,52079,-1,1,0
3137,126038374,35168,52204,-1,1,0
3138,126078374,35215,52355,-1,1,0
3139,126118374,35237,52406,-1,1,0
3140,126158374,35237,52398,-1,1,0
3141,126198374,35239,52410,-1,1,0
3142,126238374,35261,52475,-1,1,0
3143,126278374,35290,52570,-1,1,0
3144,126318374,35317,52670,-1,1,0
3145,126358374,35350,52752,-1,1,0
3146,126398374,35373,52814,-1,1,0
3147,126438374,35394,52874,-1,1,0
3148,126478374,35414,52927,-1,1,0
3149,126518374,35356,52740,-1,1,0
3150,126558374,35247,52358,-1,1,0
3151,126598374,35209,52263,-1,1,0
3152,126638374,35242,52331,-1,1,0
3153,126678374,35262,52436,-1,1,0
3154,126718374,35296,52544,-1,1,0
3155,126758374,35311,52605,-1,1,0
3156,126798374,35311,52589,-1,1,0
3157,126838374,35292,52548,-1,1,0
3158,126878374,35308,52575,-1,1,0
3159,126918374,35321,52655,-1,1,0
3160,126958374,35356,52734,-1,1,0
3161,126998374,35377,52802,-1,1,0
3162,127038374,35393,52867,-1,1,0
3163,127078374,35418,52936,-1,1,0
3164,127118374,35414,52907,-1,1,0
3165,127158374,35306,52557,-1,1,0
3166,127198374,35204,52240,-1,1,0
3167,127238374,35188,52184,-1,1,0
3168,127278374,35203,52245,-1,1,0
3169,127318374,35224,52293,-1,1,0
3170,127358374,35247,52392,-1,1,0
3171,127398374,35257,52408,-1,1,0
3172,127438374,35236,52382,-1,1,0
3173,127478374,35245,52381,-1,1,0
3174,127518374,35266,52455,-1,1,0
3175,127558374,35285,52531,-1,1,0
3176,127598374,35301,52590,-1,1,0
3177,127638374,35316,52640,-1,1,0
3178,127678374,35327,52678,-1,1,0
3179,127718374,35347,52719,-1,1,0
3180,127758374,35305,52554,-1,1,0
3181,127798374,35177,52145,-1,1,0
3182,127838374,35111,51954,-1,1,0
3183,127878374,35097,51922,-1,1,0
3184,127918374,35085,51916,-1,1,0
3185,127958374,35081,51952,-1,1,0
3186,127998374,35091,52002,-1,1,0
3187,128038374,35095,52006,-1,1,0
3188,128078374,35087,51988,-1,1,0
3189,128118374,35093,52007,-1,1,0
3190,128158374,35097,52043,-1,1,0
3191,128198374,35113,52107,-1,1,0
3192,128238374,35118,52148,-1,1,0
3193,128278374,35118,52165,-1,1,0
3194,128318374,35123,52195,-1,1,0
3195,128358374,35139,52232,-1,1,0
3196,128398374,35082,52068,-1,1,0
3197,128438374,34987,51708,-1,1,0
3198,128478374,34936,51544,-1,1,0
3199,128518374,34930,51501,-1,1,0
3200,128558374,34916,51498,-1,1,0
3201,128598374,34941,51541,-1,1,0
3202,128638374,34967,51614,-1,1,0
3203,128678374,34954,51613,-1,1,0
3204,128718374,34947,51575,-1,1,0
3205,128758374,34939,51588,-1,1,0
3206,128798374,34950,51625,-1,1,0
3207,128838374,34982,51696,-1,1,0
3208,128878374,34986,51727,-1,1,0
3209,128918374,34993,51756,-1,1,0
3210,128958374,34991,51773,-1,1,0
3211,128998374,35002,51825,-1,1,0
3212,129038374,35013,51822,-1,1,0
3213,129078374,34944,51576,-1,1,0
3214,129118374,34848,51272,-1,1,0
3215,129158374,34827,51166,-1,1,0
3216,129198374,34804,51133,-1,1,0
3217,129238374,34809,51150,-1,1,0
3218,129278374,34821,51212,-1,1,0
3219,129318374,34838,51250,-1,1,0
3220,129358374,34838,51249,-1,1,0
3221,129398374,34847,51270,-1,1,0
3222,129438374,34861,51312,-1,1,0
3223,129478374,34877,51376,-1,1,0
3224,129518374,34894,51439,-1,1,0
3225,129558374,34910,51497,-1,1,0
3226,129598374,34917,51534,-1,1,0
3227,129638374,34937,51574,-1,1,0
3228,129678374,34950,51653,-1,1,0
3229,129718374,34969,51691,-1,1,0
